{"cameraMode":{"drawMode":0,"name":"Shaded","section":"Shading Mode"},"sceneLighting":false,"audioPlay":false,"sceneViewState":{"m_AlwaysRefresh":false,"showFog":true,"showSkybox":false,"showFlares":true,"showImageEffects":true,"showParticleSystems":true,"showVisualEffectGraphs":true,"m_FxEnabled":true},"in2DMode":false,"pivot":{"x":-0.20229485630989076,"y":3.8347792625427248,"z":3.2974085807800295},"rotation":{"x":-0.01169438473880291,"y":0.9266175031661987,"z":-0.3747422397136688,"w":-0.02892080694437027},"size":2.589050769805908,"orthographic":false}