{"cameraMode":{"drawMode":0,"name":"Shaded","section":"Shading Mode"},"sceneLighting":true,"audioPlay":false,"sceneViewState":{"m_AlwaysRefresh":false,"showFog":true,"showSkybox":true,"showFlares":true,"showImageEffects":true,"showParticleSystems":true,"showVisualEffectGraphs":true,"m_FxEnabled":true},"in2DMode":false,"pivot":{"x":10.054109573364258,"y":2.222416877746582,"z":-13.981541633605957},"rotation":{"x":-0.1807573437690735,"y":0.02567266672849655,"z":-0.004693891387432814,"w":-0.9832256436347961},"size":0.5136563181877136,"orthographic":false}