{"cameraMode":{"drawMode":0,"name":"Shaded","section":"Shading Mode"},"sceneLighting":true,"audioPlay":false,"sceneViewState":{"m_AlwaysRefresh":false,"showFog":true,"showSkybox":true,"showFlares":true,"showImageEffects":true,"showParticleSystems":true,"showVisualEffectGraphs":true,"m_FxEnabled":true},"in2DMode":false,"pivot":{"x":10.607491493225098,"y":12.708595275878907,"z":-6.181105613708496},"rotation":{"x":0.1819784790277481,"y":-0.8113741874694824,"z":0.3309938311576843,"w":0.44621580839157107},"size":2.9660251140594484,"orthographic":false}