{"cameraMode":{"drawMode":0,"name":"Shaded","section":"Shading Mode"},"sceneLighting":true,"audioPlay":false,"sceneViewState":{"m_AlwaysRefresh":false,"showFog":true,"showSkybox":true,"showFlares":true,"showImageEffects":true,"showParticleSystems":true,"showVisualEffectGraphs":true,"m_FxEnabled":true},"in2DMode":false,"pivot":{"x":8.78671932220459,"y":3.1257805824279787,"z":-14.65882682800293},"rotation":{"x":-0.22600065171718598,"y":-0.05344848334789276,"z":0.012430199421942234,"w":-0.9726247787475586},"size":0.5136563181877136,"orthographic":false}