{"cameraMode":{"drawMode":0,"name":"Shaded","section":"Shading Mode"},"sceneLighting":true,"audioPlay":false,"sceneViewState":{"m_AlwaysRefresh":false,"showFog":true,"showSkybox":true,"showFlares":true,"showImageEffects":true,"showParticleSystems":true,"showVisualEffectGraphs":true,"m_FxEnabled":true},"in2DMode":false,"pivot":{"x":11.895370483398438,"y":12.354364395141602,"z":-13.128670692443848},"rotation":{"x":0.30201035737991335,"y":-0.3886067271232605,"z":0.1365373432636261,"w":0.8597918748855591},"size":2.9660251140594484,"orthographic":false}